Number,Data Element,Definition/description in Source System (optional)
DE01,BOOK_VALUE,"The value of an asset as it appears on a balance sheet, equal to cost minus accumulated depreciation"
DE02,CLIENT_NAME,Name of the client
DE03,COUPON,Current coupon rate of Security (%)
DE04,CURRENCY,The currency of the security (ISO Currency Code)
DE05,DLAM.Asset.Type.2,State the asset type of the security (see Appendix E for Asset Tree specification)
DE06,DLAM.Asset.Type.3,State the asset type of the security (see Appendix E for Asset Tree specification)
DE07,DLAM.RATING,DLAM Composite rating 
DE08,DLAM.Sector1,"If IBOXX is available, then IBOXX, otherwise use DL Sector (always fill)"
DE09,DLAM.Sector2,"If IBOXX is available, then IBOXX, otherwise use DL Sector (always fill)"
DE10,DLAM.Sector3,"If IBOXX is available, then IBOXX, otherwise use DL Sector (always fill)"
DE11,EXPIRATION,The last day that an options or futures contract is valid
DE12,FXRATE,The Conversion Rate EUR/Original Currency at T where T is Report Date
DE13,IDENTIFIER,The ISIN of the security
DE14,ISSUE_DATE,Date on which a security is issued
DE15,MARKET_VALUE,"The market value of the securities in EUR (including Accrued Interest),Cash Balance for Cash"
DE16,MATURITY,Date of expiration of the Security
DE17,NOMINAL_VALUE,"Nominal value of the Security excluding redemption/amortization, balance for Cash (original currency)"
DE18,OPTION_TYPE,"Type of option, Put or Call"
DE19,PAYMENT_FREQUENCY,How often a dividend is paid by an individual stock or fund.
DE20,PORTFOLIO_NAME,Name of the portfolio
DE21,PRICE,Close market price of the security at T where T is reporting date (original currency)
DE22,proddat,Run date of the export
DE23,QUANTITY,Number of securities owned
DE24,SECURITY,Identifying name
DE25,STRIKE,The price at which a specific derivative contract can be exercised
DE26,UNDERLYING,Asset on which a futures contract or option is written
DE27,Type,unknown
DE28,Acrued Interest (Eur),unknown
DE29,Cedar_BU_Nr,unknown
DE30,CUSTODIAN,unknown
DE31,Description,unknown
DE32,DLAMAssetClass1,unknown
DE33,Duration,unknown
DE34,Exchange,unknown
DE35,Fonds ISIN,unknown
DE36,FVLevel,unknown
DE37,Identifier-Type,unknown
DE38,Issuer-ID,unknown
DE39,IssuerID-Naam,unknown
DE40,Listed,unknown
DE41,Position,unknown
DE42,Purchase Cost,unknown
DE43,Risk Type,unknown
DE44,SecDescription2,unknown
DE45,Trade Date,unknown
DE46,Underlying BB,unknown
DE47,UNIT SIZE,unknown
