System,Data Element,BR number,Run Date,Source Date,Entity Type,Total,Errors,Whitelisted,Failed,Blacklisted,Unhandled
FrontArena,DE13,FA_0001,2015-09-30,2015-09-30,instrument,0,0,0,0,0,0
FrontArena,DE8,FA_0004,2015-09-30,2015-09-30,instrument,0,0,0,0,0,0
FrontArena,DE9,FA_0004,2015-09-30,2015-09-30,instrument,0,0,0,0,0,0
FrontArena,DE8,FA_0005,2015-09-30,2015-09-30,instrument,0,0,0,0,0,0
FrontArena,DE9,FA_0005,2015-09-30,2015-09-30,instrument,0,0,0,0,0,0
FrontArena,DE13,FA_0006,2015-09-30,2015-09-30,instrument,0,0,0,0,0,0
FrontArena,DE13,FA_0007,2015-09-30,2015-09-30,instrument,22,22,0,22,0,22
FrontArena,DE13,FA_0008,2015-09-30,2015-09-30,instrument,0,0,0,0,0,0
FrontArena,DE20,FA_0009,2015-09-30,2015-09-30,holding,2,2,0,2,0,2
FrontArena,DE13,FA_0012,2015-09-30,2015-09-30,holding,0,0,0,0,0,0
FrontArena,DE20,FA_0012,2015-09-30,2015-09-30,holding,0,0,0,0,0,0
FrontArena,DE25,FA_0013,2015-09-30,2015-09-30,instrument,0,0,0,0,0,0
FrontArena,DE5,FA_0014,2015-09-30,2015-09-30,instrument,0,0,0,0,0,0
FrontArena,DE6,FA_0014,2015-09-30,2015-09-30,instrument,0,0,0,0,0,0
FrontArena,DE11,FA_0015,2015-09-30,2015-09-30,instrument,0,0,0,0,0,0
FrontArena,DE5,FA_0016,2015-09-30,2015-09-30,instrument,0,0,0,0,0,0
FrontArena,DE4,FA_0017,2015-09-30,2015-09-30,instrument,0,0,0,0,0,0
FrontArena,DE4,FA_0018,2015-09-30,2015-09-30,instrument,0,0,0,0,0,0
FrontArena,DE14,FA_0019,2015-09-30,2015-09-30,instrument,0,0,0,0,0,0
FrontArena,DE8,FA_0021,2015-09-30,2015-09-30,instrument,47,47,0,47,0,47
FrontArena,DE9,FA_0022,2015-09-30,2015-09-30,instrument,47,47,0,47,0,47
FrontArena,DE10,FA_0023,2015-09-30,2015-09-30,instrument,47,47,0,47,0,47
FrontArena,DE16,FA_0024,2015-09-30,2015-09-30,instrument,0,0,0,0,0,0
FrontArena,DE7,FA_0026,2015-09-30,2015-09-30,instrument,2,2,0,2,0,2
FrontArena,DE7,FA_0027,2015-09-30,2015-09-30,instrument,0,0,0,0,0,0
FrontArena,DE7,FA_0028,2015-09-30,2015-09-30,instrument,0,0,0,0,0,0
FrontArena,DE5,FA_0031,2015-09-30,2015-09-30,instrument,0,0,0,0,0,0
FrontArena,DE6,FA_0032,2015-09-30,2015-09-30,instrument,0,0,0,0,0,0
FrontArena,DE15,FA_0036,2015-09-30,2015-09-30,instrument,8,8,0,8,0,8
FrontArena,DE21,FA_0036,2015-09-30,2015-09-30,instrument,8,8,0,8,0,8
FrontArena,DE22,FA_0037,2015-09-30,2015-09-30,holding,0,0,0,0,0,0
FrontArena,DE22,FA_0038,2015-09-30,2015-09-30,holding,0,0,0,0,0,0
FrontArena,DE6,FA_0039,2015-09-30,2015-09-30,instrument,0,0,0,0,0,0
FrontArena,DE11,FA_0040,2015-09-30,2015-09-30,instrument,0,0,0,0,0,0
FrontArena,DE27,FA_0041,2015-09-30,2015-09-30,instrument,0,0,0,0,0,0
FrontArena,DE27,FA_0042,2015-09-30,2015-09-30,instrument,0,0,0,0,0,0
FrontArena,DE27,FA_0043,2015-09-30,2015-09-30,instrument,0,0,0,0,0,0
FrontArena,DE27,FA_0044,2015-09-30,2015-09-30,instrument,0,0,0,0,0,0
FrontArena,DE12,FA_0045,2015-09-30,2015-09-30,currency,0,0,0,0,0,0
FrontArena,DE8,FA_0046,2015-09-30,2015-09-30,instrument,0,0,0,0,0,0
FrontArena,DE9,FA_0046,2015-09-30,2015-09-30,instrument,0,0,0,0,0,0
FrontArena,DE10,FA_0046,2015-09-30,2015-09-30,instrument,0,0,0,0,0,0
FrontArena,DE7,FA_0047,2015-09-30,2015-09-30,instrument,0,0,0,0,0,0
FrontArena,DE5,FA_0048,2015-09-30,2015-09-30,instrument,0,0,0,0,0,0
FrontArena,DE6,FA_0048,2015-09-30,2015-09-30,instrument,0,0,0,0,0,0
FrontArena,DE8,FA_0049,2015-09-30,2015-09-30,instrument,0,0,0,0,0,0
FrontArena,DE9,FA_0049,2015-09-30,2015-09-30,instrument,0,0,0,0,0,0
FrontArena,DE10,FA_0049,2015-09-30,2015-09-30,instrument,0,0,0,0,0,0
FrontArena,DE12,FA_0050,2015-09-30,2015-09-30,currency,0,0,0,0,0,0
FrontArena,DE12,FA_0051,2015-09-30,2015-09-30,currency,0,0,0,0,0,0
FrontArena,DE12,FA_0052,2015-09-30,2015-09-30,currency,1,1,0,1,0,1
FrontArena,DE4,FA_0053,2015-09-30,2015-09-30,instrument,0,0,0,0,0,0
FrontArena,DE16,FA_0054,2015-09-30,2015-09-30,instrument,0,0,0,0,0,0
FrontArena,DE3,FA_0055,2015-09-30,2015-09-30,instrument,0,0,0,0,0,0
FrontArena,DE3,FA_0056,2015-09-30,2015-09-30,instrument,0,0,0,0,0,0
FrontArena,DE3,FA_0057,2015-09-30,2015-09-30,instrument,0,0,0,0,0,0
FrontArena,DE3,FA_0059,2015-09-30,2015-09-30,instrument,0,0,0,0,0,0
FrontArena,DE3,FA_0060,2015-09-30,2015-09-30,instrument,0,0,0,0,0,0
FrontArena,DE3,FA_0061,2015-09-30,2015-09-30,instrument,0,0,0,0,0,0
FrontArena,DE4,FA_0062,2015-09-30,2015-09-30,instrument,0,0,0,0,0,0
FrontArena,DE4,FA_0063,2015-09-30,2015-09-30,currency,0,0,0,0,0,0
FrontArena,DE4,FA_0064,2015-09-30,2015-09-30,currency,0,0,0,0,0,0
FrontArena,DE5,FA_0065,2015-09-30,2015-09-30,instrument,0,0,0,0,0,0
FrontArena,DE5,FA_0066,2015-09-30,2015-09-30,instrument,0,0,0,0,0,0
FrontArena,DE6,FA_0066,2015-09-30,2015-09-30,instrument,0,0,0,0,0,0
FrontArena,DE12,FA_0067,2015-09-30,2015-09-30,currency,0,0,0,0,0,0
FrontArena,DE12,FA_0068,2015-09-30,2015-09-30,currency,0,0,0,0,0,0
FrontArena,DE14,FA_0069,2015-09-30,2015-09-30,instrument,0,0,0,0,0,0
FrontArena,DE14,FA_0070,2015-09-30,2015-09-30,instrument,0,0,0,0,0,0
FrontArena,DE15,FA_0071,2015-09-30,2015-09-30,holding,0,0,0,0,0,0
FrontArena,DE15,FA_0072,2015-09-30,2015-09-30,holding,0,0,0,0,0,0
FrontArena,DE15,FA_0073,2015-09-30,2015-09-30,holding,0,0,0,0,0,0
FrontArena,DE15,FA_0074,2015-09-30,2015-09-30,instrument,0,0,0,0,0,0
FrontArena,DE21,FA_0074,2015-09-30,2015-09-30,instrument,0,0,0,0,0,0
FrontArena,DE17,FA_0076,2015-09-30,2015-09-30,holding,0,0,0,0,0,0
FrontArena,DE17,FA_0077,2015-09-30,2015-09-30,holding,0,0,0,0,0,0
FrontArena,DE17,FA_0078,2015-09-30,2015-09-30,holding,0,0,0,0,0,0
FrontArena,DE17,FA_0079,2015-09-30,2015-09-30,holding,0,0,0,0,0,0
FrontArena,DE20,FA_0081,2015-09-30,2015-09-30,holding,0,0,0,0,0,0
FrontArena,DE21,FA_0082,2015-09-30,2015-09-30,instrument,0,0,0,0,0,0
FrontArena,DE22,FA_0084,2015-09-30,2015-09-30,holding,0,0,0,0,0,0
FrontArena,DE25,FA_0088,2015-09-30,2015-09-30,instrument,0,0,0,0,0,0
FrontArena,DE25,FA_0089,2015-09-30,2015-09-30,instrument,0,0,0,0,0,0
FrontArena,DE27,FA_0090,2015-09-30,2015-09-30,instrument,0,0,0,0,0,0
FrontArena,DE27,FA_0091,2015-09-30,2015-09-30,instrument,0,0,0,0,0,0
